{
    "A": 1.6072477482140353,
    "B": 0.008091139921280011,
    "Ar": 0.00167466361451267,
    "Br": 0.00043743896259563407,
    "alpha": 59.08333333333334,
    "ar": 0.007216878364870322,
    "dmr": 0.010206207261596574
}