id,A,B,Ar,Br,alpha,ar
exp,1.6082296927985065,0.007996445979537121,0.0,0.0,59.07499999999999,0
real,1.607,0.00825,0.0003,7e-05,59.07499999999999,0
