id,fenda,N,nDy,n,2dy,mL,m,Dy,Dyr,L,Lr,dy,dyr,b,br,h,hr
A1,A,1,160.694,2.0,,,,80347000,144338,,,,,24433,44,,
A2,A,2,163.049,2.0,,59.571000000000005,6.0,81524500,144338,9928500.0,48113.0,,,24080,43,98861.0,479.0
A3,A,3,236.86900000000003,3.0,6.837000000000001,,,78956333,96225,,,3418500.0,144338.0,24863,31,95709.0,4041.0
A4,A,4,123.29700000000001,1.5,4.927,,,82198000,192450,,,2463500.0,144338.0,23882,56,99608.0,5836.0
A5,A,5,227.99900000000002,3.0,4.022,,,75999667,96225,,,2011000.0,144338.0,25830,33,97617.0,7006.0
A6,A,10,82.124,1.0,2.085,,,82124000,288675,,,1042500.0,144338.0,23904,84,94153.0,13036.0
