id,fenda,N,nDy,n,2dy,mL,m,Dy,Dyr,L,Lr,dy,dyr,b,br,h,hr
A1,A,1,160.694,2.0,,,,80.347,0.14434,,,,,0.02443,4e-05,,
A2,A,2,163.049,2.0,,59.571000000000005,6.0,81.5245,0.14434,9.9285,0.04811,,,0.02408,4e-05,0.09886,0.00048
A3,A,3,236.86900000000003,3.0,6.837000000000001,,,78.95633,0.09623,,,3.4185,0.14434,0.02486,3e-05,0.09571,0.00404
A4,A,4,123.29700000000001,1.5,4.927,,,82.198,0.19245,,,2.4635,0.14434,0.02388,6e-05,0.09961,0.00584
A5,A,5,227.99900000000002,3.0,4.022,,,75.99967,0.09623,,,2.011,0.14434,0.02583,3e-05,0.09762,0.00701
A6,A,10,82.124,1.0,2.085,,,82.124,0.28868,,,1.0425,0.14434,0.0239,8e-05,0.09415,0.01304
