freq,Vpp1,Vpp2,fase,T,TdB
10.0,1.7220908403,1.6895985603,-0.0,0.962620149525852,-0.16545051929069785
10.974987654930562,1.7599828243,1.7275904417,-0.1975850761,0.9635288570001517,-0.16135274004626282
91116.27561154905,2.0647361279,2.0545156002,-2.6205642223,0.990124421664729,-0.04310227375028232
100000.0,2.0577478409,2.0608370304,-2.3423423767,1.0030047494236993,0.01302989494616831
