freq,Vpp1,Vpp2,fase,T,TdB
10.0,1.7220908403,1.6895985603,-0.0,0.962620149525852,-0.16545051929069785
1047.615752789665,1.8733570576,0.1737487614,-12.6282730103,0.008602056941264584,-20.65397686962681
100000.0,2.0577478409,2.0608370304,-2.3423423767,1.0030047494236993,0.01302989494616831
