id,fenda,N,nDy,n,2dy,mL,m,Dy,Dyr,L,Lr,dy,dyr,b,br,h,hr
B4,B,2,182.66299999999998,4.0,,27.901999999999997,5.0,45665750,72169,5580400.0,57735.0,,,42988,68,175891.0,1820.0
B5,B,2,226.15099999999998,5.0,,35.247,11.0,45230200,57735,3204273.0,26243.0,,,43402,56,306322.0,2509.0
B6,B,2,224.74099999999999,5.0,,14.155,6.0,44948200,57735,2359167.0,48113.0,,,43674,57,416054.0,8485.0
