id,fenda,N,nDy,n,2dy,mL,m,Dy,Dyr,L,Lr,dy,dyr,b,br,h,hr
C4,C,1,205.574,8.0,,,,25.69675,0.03608,,,,,0.07639,0.00011,,
C5,C,1,53.365,4.0,,,,13.34125,0.07217,,,,,0.14714,0.0008,,
C6,C,1,128.519,20.0,,,,6.42595,0.01443,,,,,0.30549,0.00069,,
