{
    "A": 0.045356204156477634,
    "Ar": 0.058010966690995425,
    "B": 9.884073960880205,
    "Br": 0.18848819843051828
}