{
    "A": 0.04535620415647959,
    "Ar": 0.05801096669099527,
    "B": 9.884073960880189,
    "Br": 0.1884881984305178
}