{
    "A": 0.045356204156477634,
    "Ar": 0.7593381204890015,
    "B": 9.884073960880205,
    "Br": 2.396574636578955
}