id,A,B,Ar,Br,alpha,ar
exp,1.6086691593710893,0.007744644199465848,0.0,0.0,59.07499999999999,0
real,1.607,0.00825,0.0003,7e-05,59.07499999999999,0
