{
    "hA": 0.045356204156477634,
    "hAr": 0.7593381204890015,
    "hB": 9.884073960880205,
    "hBr": 2.396574636578955,
    "bA": 79.99060620039242,
    "bAr": 1.895440955125861,
    "bB": 0.5059564185924896,
    "bBr": 3.8063591351555734
}