{
    "A": 45356.20415647717,
    "Ar": 58010.96669099526,
    "B": 9884073.960880196,
    "Br": 188488.19843051775
}