freq,Vpp1,Vpp2,fase,T,TdB
10.0,1.7220908403,1.6895985603,-0.0,0.962620149525852,-0.16545051929069785
10.974987654930562,1.7599828243,1.7275904417,-0.1975850761,0.9635288570001517,-0.161352740046262820374293327,-3.8558909893,0.9878549220758107,-0.05306831898520385
53.3669923120631,2.0560665131,2.0436954498,-3.0736391544,0.988002483629161,-0.05241963686578366
58.57020818056667
546.22772176
11768.119524349991,2.0780792236,2.0678784847,6.992348671,0.9902066269412253,-0.0427417148628044
12915.496650148827,2.0716874599,2.0742399693,6.0543336868,1.0024657019097267,0.0106952271251177677356002,-2.6205642223,0.990124421664729,-0.04310227375028232
100000.0,2.0577478409,2.0608370304,-2.3423423767,1.0030047494236993,0.01302989494616831
