freq,TdB,V1,V2,V1err,V2err,TdBerr
10.0,-45.7,1.704,0.0089,12,72,71
31.429719477309522,-44.7,2.047,0.0120,13,72,52
106.11207108112394,-34.4,2.053,0.0389,13,73,16
122.44254676888806,-32.7,2.066,0.0476,13,73,13
310.4713387569257,-25.28,2.059,0.1121,13,75,59
1048.2039711048285,-15.10,2.065,0.3632,13,83,21
3066.920538667471,-6.61,2.045,0.96,13,10,11
8353.634425559754,-1.640,1.970,1.631,13,12,87
10354.44463429553,-1.048,1.951,1.729,13,12,85
30295.87732046506,-0.01,2.061,2.059,13,13,80
