freq,TdB,V1,V2,V1err,V2err,TdBerr
10.0,-46,1.70,0.009,1,7,7
31.429719477309522,-45,2.05,0.012,1,7,5
106.11207108112394,-34,2.05,0.039,1,7,2
122.44254676888806,-33,2.07,0.048,1,7,1
310.4713387569257,-25.3,2.06,0.112,1,8,6
1048.2039711048285,-15.1,2.06,0.363,1,8,2
3066.920538667471,-6.6,2.04,0.96,1,1,1
8353.634425559754,-1.64,1.97,1.63,1,1,9
10354.44463429553,-1.05,1.95,1.73,1,1,9
30295.87732046506,-0.01,2.06,2.06,1,1,8
