{
    "A": 0.045356204156477634,
    "Ar": 0.058010966690995425,
    "B": 9.884073960880205,
    "Br": 0.18848819843051828,
    "lA": 0.9892893088802176,
    "lAr": 0.011344540023126504,
    "lB": -0.9754919814113479,
    "lBr": 0.01722313400959256,
    "hA": 0.10060479811900157,
    "hAr": 0.0026280224130391734
}